id,probability,prediction
30719950,0.032102,0
31639067,0.976782,1
34436833,0.030313,0
30027612,0.033076,0
39655034,0.030373,0
30614227,0.031104,0
30768850,0.029586,0
38953359,0.031352,0
32950640,0.029892,0
30296987,0.03109,0
30471954,0.032307,0
33375909,0.978821,1
33342628,0.028809,0
32217866,0.975842,1
39456919,0.032348,0
33123025,0.034127,0
35185026,0.030553,0
38937140,0.030241,0
30338933,0.030135,0
34427783,0.029626,0
38032374,0.968389,1
32761676,0.974637,1
36682558,0.034191,0
39059460,0.031434,0
31878950,0.03509,0
37915537,0.031155,0
32890415,0.980454,1
33044161,0.977714,1
32234874,0.033447,0
33906089,0.978341,1
36856015,0.031098,0
37391779,0.030379,0
36807258,0.031571,0
33073214,0.032896,0
38859543,0.979731,1
36972914,0.035366,0
32578540,0.032802,0
30236332,0.031351,0
35474074,0.979532,1
38441195,0.036438,0
31106533,0.030057,0
39982381,0.981999,1
38110754,0.030413,0
33650221,0.031726,0
36051938,0.979537,1
38224147,0.038796,0
37868645,0.03122,0
30034142,0.979457,1
34883472,0.032092,0
36910396,0.030926,0
33190189,0.030909,0
32246776,0.031454,0
38523636,0.039909,0
32991795,0.030325,0
33947679,0.04491,0
37356793,0.975281,1
36168896,0.032281,0
35282502,0.031474,0
30736202,0.97442,1
33575631,0.030228,0
30859288,0.030727,0
39554910,0.029596,0
33550720,0.029342,0
30086183,0.029928,0
35983818,0.976943,1
31434457,0.980042,1
35887458,0.03103,0
35503908,0.031867,0
39374544,0.029738,0
32874052,0.886972,1
33439163,0.978439,1
30712449,0.883903,1
32504820,0.03129,0
32376156,0.030657,0
30097987,0.032366,0
32309990,0.030856,0
32215076,0.980118,1
37454583,0.03556,0
33430313,0.032776,0
38405427,0.974315,1
31582323,0.031676,0
39744335,0.032982,0
39384338,0.032482,0
32283272,0.66244,1
32608164,0.033335,0
31993492,0.029628,0
31093908,0.030544,0
38047652,0.035359,0
39348213,0.028854,0
39601179,0.031031,0
39485556,0.031909,0
34339915,0.031269,0
39343941,0.031349,0
35668464,0.029851,0
31385251,0.029365,0
38110689,0.981349,1
32885681,0.968995,1
32363848,0.033147,0
30285626,0.031397,0
36013428,0.030251,0
37207026,0.034104,0
31743280,0.036625,0
34140836,0.031918,0
38103258,0.031048,0
34510892,0.030335,0
31588044,0.042619,0
35517822,0.038724,0
30679800,0.031537,0
39372738,0.030455,0
34788984,0.030458,0
37589711,0.030138,0
36966809,0.417599,0
36616276,0.030786,0
34386030,0.030893,0
37972108,0.036959,0
39184086,0.030685,0
30773345,0.033539,0
39186351,0.029896,0
35547049,0.037387,0
33528485,0.036781,0
30587871,0.030821,0
35642990,0.044786,0
34999504,0.034412,0
36792448,0.031187,0
35753223,0.035936,0
36081429,0.974144,1
38092859,0.031417,0
33559442,0.980546,1
34693433,0.034011,0
31651106,0.974057,1
31512859,0.980373,1
38301400,0.030317,0
39533560,0.97583,1
37684007,0.032666,0
32061183,0.033532,0
34081091,0.916015,1
31800040,0.035095,0
38013775,0.033395,0
31480392,0.033201,0
36883469,0.030431,0
38832775,0.955984,1
38792669,0.031924,0
34818630,0.030666,0
30441351,0.032124,0
36879235,0.030189,0
39012167,0.031066,0
37607624,0.030976,0
34301385,0.030991,0
32340244,0.034337,0
33012529,0.032557,0
36198407,0.98164,1
35911311,0.974255,1
32778925,0.033287,0
35647256,0.031344,0
39630025,0.031786,0
33019997,0.03171,0
35756806,0.02989,0
36457590,0.030133,0
30108037,0.030587,0
31892278,0.025875,0
34653214,0.030978,0
35170558,0.030155,0
38908441,0.030298,0
34183914,0.031258,0
37775567,0.031836,0
34271108,0.304286,0
37063966,0.032175,0
31948376,0.029751,0
34815153,0.031462,0
37326266,0.943491,1
30159120,0.030257,0
36430031,0.977494,1
30026250,0.032554,0
30029758,0.030659,0
36422887,0.977981,1
31236198,0.045158,0
38845392,0.031502,0
33227758,0.032535,0
34904828,0.03402,0
35511902,0.032536,0
36369992,0.033431,0
38943818,0.029806,0
32408347,0.031271,0
34212700,0.030399,0
35681480,0.076618,0
34568442,0.030195,0
39901664,0.035209,0
30297559,0.040348,0
35808399,0.031294,0
38808294,0.029124,0
31985399,0.036444,0
36472818,0.581139,1
35107081,0.030706,0
30914952,0.086935,0
30073086,0.031741,0
36244236,0.977829,1
39023565,0.029729,0
33109009,0.501501,1
33661789,0.029814,0
37682029,0.97872,1
36294637,0.034151,0
38003185,0.03151,0
30612620,0.031003,0
30242588,0.981023,1
30110577,0.981225,1
36742211,0.979225,1
37310374,0.029871,0
39314709,0.441559,0
30537814,0.030396,0
36409698,0.031365,0
34378784,0.9813,1
35671569,0.706784,1
31565008,0.033005,0
37193875,0.977112,1
34985908,0.936114,1
35352714,0.973196,1
37274458,0.981204,1
37374252,0.97844,1
37849832,0.031074,0
37887285,0.032072,0
33777159,0.954501,1
32609829,0.797634,1
34525806,0.034222,0
30312074,0.03119,0
30489275,0.031089,0
38762244,0.032381,0
39818820,0.030599,0
34739020,0.030768,0
38816669,0.038998,0
34044473,0.033837,0
31245485,0.029635,0
35068242,0.030992,0
33834960,0.980703,1
36003564,0.032944,0
33558902,0.358941,0
37914144,0.029988,0
38533282,0.029547,0
32227099,0.039694,0
35597217,0.028604,0
37587968,0.037819,0
35309044,0.032365,0
38621493,0.03043,0
32467257,0.042607,0
30665452,0.046844,0
30524752,0.978963,1
36384306,0.98083,1
30479872,0.030255,0
38687199,0.030827,0
32225323,0.030521,0
39539932,0.033924,0
37395726,0.029304,0
37389789,0.031338,0
37273496,0.031447,0
35854963,0.031675,0
35534113,0.035228,0
32106452,0.029809,0
37012304,0.032365,0
31868596,0.030484,0
37069183,0.238495,0
37766114,0.030622,0
31167872,0.03021,0
30306704,0.03483,0
32356165,0.031764,0
39720395,0.030228,0
38485189,0.973457,1
34018825,0.031347,0
34040743,0.974516,1
39327218,0.032435,0
32539345,0.116119,0
30509518,0.031166,0
30303379,0.031333,0
33780533,0.030055,0
31307595,0.031408,0
32283773,0.031163,0
38078769,0.030488,0
31689900,0.029444,0
30572338,0.031485,0
35180752,0.030071,0
37939329,0.031263,0
37270178,0.032873,0
35098184,0.976686,1
38553532,0.031133,0
30324228,0.029875,0
37773396,0.032489,0
39855962,0.030103,0
35196996,0.038128,0
34211020,0.032381,0
37593663,0.030801,0
33569215,0.032983,0
34995731,0.030457,0
30430284,0.030877,0
36609534,0.280837,0
30946405,0.031318,0
32086225,0.035489,0
33283383,0.030593,0
33300550,0.030814,0
37459615,0.031144,0
38098599,0.032247,0
38423047,0.97298,1
38234428,0.981076,1
31222043,0.029842,0
30802952,0.031321,0
35850203,0.979249,1
33469962,0.031656,0
33111467,0.035051,0
38589004,0.979505,1
35844150,0.029066,0
34993800,0.032154,0
38000529,0.032326,0
37329744,0.976303,1
34143494,0.965247,1
32517336,0.033427,0
31153814,0.034785,0
38613519,0.030137,0
39678298,0.031098,0
35768370,0.031485,0
36584534,0.029826,0
39861896,0.029371,0
30475934,0.963356,1
37388747,0.032351,0
34982826,0.981372,1
32607577,0.030178,0
35924959,0.031523,0
31113173,0.034198,0
31680912,0.583639,1
31122290,0.032102,0
37032873,0.775904,1
31652492,0.030836,0
34362105,0.031152,0
37522099,0.031852,0
38350444,0.920524,1
39663204,0.981711,1
39365110,0.036957,0
36060385,0.036626,0
33519215,0.031194,0
38450125,0.029295,0
30096644,0.029639,0
37720183,0.979618,1
33493059,0.033167,0
32052884,0.980874,1
32887205,0.03261,0
33633382,0.033403,0
39508629,0.030559,0
34028253,0.032676,0
39560206,0.978307,1
32502725,0.030068,0
35615432,0.030061,0
34655670,0.029214,0
31831003,0.030028,0
33201547,0.976403,1
32505669,0.53453,1
37936344,0.030937,0
39596949,0.030437,0
38222792,0.065283,0
38801906,0.033686,0
30993369,0.034301,0
34355823,0.031412,0
30486536,0.029585,0
37199772,0.03333,0
30372315,0.029506,0
36003502,0.979009,1
33031329,0.367611,0
35426992,0.031197,0
39819283,0.033639,0
39125175,0.034237,0
31879814,0.032473,0
31891187,0.97488,1
36583372,0.030045,0
30024934,0.975693,1
31918372,0.047718,0
32063065,0.974298,1
32880488,0.025933,0
32143918,0.030609,0
39331922,0.029576,0
38577073,0.033092,0
36780890,0.036125,0
31633290,0.031951,0
37657307,0.031097,0
35644818,0.050456,0
34689537,0.031059,0
37171364,0.978435,1
39771061,0.03097,0
34060745,0.029288,0
39594242,0.038659,0
33155582,0.981761,1
30101299,0.033274,0
31786952,0.710618,1
35701200,0.031559,0
35936406,0.0547,0
32893079,0.034987,0
35643257,0.034142,0
38247671,0.033731,0
37294200,0.037194,0
32856984,0.031003,0
32045231,0.032296,0
35328645,0.033665,0
35376724,0.031602,0
34317234,0.038006,0
31507912,0.034088,0
32755450,0.980168,1
36819705,0.031907,0
31638045,0.977491,1
34725648,0.031056,0
30734368,0.033786,0
32386447,0.038628,0
31813697,0.976443,1
38092273,0.032721,0
35682253,0.032952,0
36227721,0.980491,1
34566223,0.981196,1
38113963,0.033469,0
36308720,0.031148,0
34334248,0.980368,1
31637607,0.979846,1
30669099,0.033424,0
35503431,0.029269,0
31527285,0.031463,0
39063427,0.976774,1
39218209,0.04163,0
36070307,0.03003,0
34569087,0.033805,0
37114058,0.030301,0
37966268,0.030677,0
33668837,0.033432,0
30284873,0.978075,1
36383630,0.029558,0
31424551,0.029234,0
37733778,0.980388,1
30308381,0.03307,0
34523127,0.029973,0
31760091,0.032591,0
32616796,0.979185,1
36121419,0.047179,0
34525528,0.030538,0
36844297,0.030579,0
36061663,0.031104,0
34024531,0.036315,0
33102913,0.031174,0
39873415,0.029618,0
35020453,0.978705,1
36917234,0.028248,0
30013458,0.976409,1
36670164,0.97812,1
34960775,0.0419,0
38935638,0.981307,1
32000171,0.030746,0
38260228,0.032786,0
30562138,0.029811,0
34454385,0.037775,0
35046614,0.030229,0
37842811,0.030084,0
35971619,0.031089,0
38092097,0.031744,0
32565301,0.033782,0
37015935,0.031122,0
34355779,0.030406,0
35579297,0.031423,0
34436131,0.030975,0
38401893,0.038411,0
39234403,0.032733,0
34999626,0.029782,0
37107990,0.030653,0
33833326,0.031344,0
32316886,0.033428,0
34231663,0.031192,0
33909851,0.032542,0
31151576,0.030219,0
30084176,0.034533,0
37519483,0.142802,0
38625480,0.03187,0
37502518,0.030704,0
33739789,0.034369,0
35693083,0.032106,0
38334352,0.029897,0
38250751,0.031477,0
31115966,0.0301,0
30580858,0.032755,0
33468603,0.034551,0
32185255,0.03063,0
37376809,0.040756,0
31513908,0.031432,0
35166659,0.039029,0
35328892,0.029866,0
38979170,0.030463,0
31605559,0.030004,0
31448503,0.030197,0
38646642,0.029932,0
32131813,0.030553,0
36754056,0.030707,0
34943294,0.030905,0
37757529,0.973044,1
36498622,0.03371,0
34077497,0.034102,0
33096897,0.030511,0
33270230,0.030818,0
38316005,0.031835,0
31366873,0.032188,0
39593314,0.032425,0
34113726,0.080756,0
36127398,0.0312,0
38302142,0.030175,0
38388393,0.032403,0
35965900,0.030919,0
32114786,0.029626,0
32334428,0.031948,0
31780787,0.05613,0
34450827,0.980863,1
33953043,0.030656,0
39268901,0.039334,0
36866798,0.976971,1
31255648,0.943846,1
37087540,0.037647,0
30383362,0.979791,1
37009681,0.980383,1
35311539,0.031445,0
32878697,0.032745,0
33489417,0.983338,1
30980470,0.03103,0
34287360,0.029224,0
36769579,0.030155,0
30082529,0.028781,0
30499586,0.963539,1
38927634,0.81282,1
32817342,0.035526,0
35825792,0.031761,0
36262430,0.032915,0
31623078,0.031559,0
31577517,0.031851,0
35013417,0.979298,1
38288467,0.974682,1
35319743,0.078509,0
34504641,0.981206,1
32527636,0.030193,0
36367942,0.034154,0
36854418,0.039013,0
37188009,0.033594,0
36100181,0.035683,0
30412126,0.030535,0
38087895,0.030452,0
38580947,0.030823,0
30950523,0.310349,0
36335137,0.035943,0
34498230,0.029572,0
34088197,0.030246,0
36407234,0.980765,1
36732482,0.034012,0
34842620,0.07644,0
37835362,0.978167,1
30397259,0.98019,1
37631738,0.032228,0
36478346,0.032507,0
38079390,0.031673,0
38037144,0.027205,0
37813359,0.430658,0
33837816,0.034348,0
32223416,0.03984,0
39149993,0.034106,0
31269898,0.031381,0
30643180,0.03088,0
39626765,0.029165,0
38701720,0.03028,0
35227302,0.032269,0
34429743,0.033943,0
35599584,0.031473,0
31169170,0.030365,0
36965533,0.029894,0
34603678,0.976589,1
32129555,0.98127,1
33013614,0.032246,0
34660771,0.031486,0
38722664,0.414797,0
31890527,0.975352,1
30353595,0.032176,0
35392118,0.030901,0
30279786,0.972379,1
33625268,0.033816,0
30087471,0.981164,1
32310637,0.032631,0
34785105,0.032004,0
32947451,0.032635,0
39444835,0.031198,0
34288674,0.030315,0
39939183,0.966532,1
38436173,0.032622,0
33070331,0.031078,0
36558958,0.031964,0
37229792,0.029856,0
33948696,0.979221,1
30971986,0.979636,1
36813419,0.033018,0
37685708,0.0322,0
36181800,0.976343,1
36821979,0.029616,0
34047488,0.030506,0
30560523,0.036903,0
34105902,0.034678,0
34601100,0.031209,0
39335307,0.030263,0
33905921,0.980284,1
33542791,0.028376,0
30055302,0.031062,0
37523687,0.966013,1
31195920,0.037567,0
38971529,0.034601,0
36115505,0.03063,0
33263955,0.029776,0
34653453,0.029091,0
34078845,0.807639,1
38888638,0.974601,1
33311865,0.030591,0
39268125,0.03007,0
34542894,0.030931,0
30230485,0.030101,0
35647120,0.032141,0
33628127,0.976948,1
37122552,0.03235,0
39916109,0.979888,1
33881759,0.029077,0
35295689,0.029923,0
30323725,0.975747,1
36635932,0.028799,0
38818751,0.029165,0
39650054,0.030521,0
31306376,0.03099,0
30244977,0.040563,0
36812416,0.031494,0
31399231,0.032185,0
34979576,0.034654,0
30613904,0.031735,0
38791110,0.029554,0
38929622,0.030893,0
38750528,0.03004,0
31576277,0.0401,0
36986630,0.032117,0
36448639,0.031989,0
37779784,0.029266,0
36675780,0.030157,0
30367461,0.034991,0
37527842,0.031077,0
32748360,0.031662,0
36306480,0.030509,0
32631401,0.036832,0
37998896,0.03029,0
32580117,0.031625,0
39742037,0.034689,0
34036243,0.035237,0
33174415,0.03043,0
36033326,0.031028,0
32188113,0.031291,0
31682246,0.978082,1
35345329,0.034199,0
34580669,0.976787,1
38413909,0.036983,0
33912654,0.974881,1
30068857,0.337456,0
36535266,0.032108,0
33442023,0.975349,1
34266491,0.032046,0
33553827,0.155399,0
36015202,0.031238,0
36683831,0.026694,0
37495373,0.032661,0
38701189,0.041088,0
37123986,0.031469,0
32780928,0.031155,0
35401186,0.030682,0
37388693,0.03956,0
36846013,0.030023,0
30004391,0.035086,0
30640850,0.03358,0
37702104,0.030774,0
33389727,0.029388,0
30279555,0.031495,0
31188923,0.031626,0
37870453,0.028813,0
39664604,0.031908,0
39947371,0.980144,1
31761474,0.030518,0
31195904,0.031999,0
34943734,0.03003,0
39646318,0.980078,1
33039753,0.105007,0
31456728,0.033604,0
30119899,0.02989,0
38128856,0.031677,0
31863746,0.031596,0
31632061,0.0303,0
35245345,0.032031,0
37148662,0.030602,0
33627276,0.031189,0
39750870,0.114419,0
32390710,0.030635,0
38332356,0.033245,0
39812452,0.030934,0
39061903,0.028976,0
37412653,0.030849,0
32660840,0.030815,0
38723662,0.030201,0
38840956,0.029773,0
31732458,0.044066,0
37096393,0.030167,0
38598068,0.030749,0
38657236,0.032104,0
30320958,0.028513,0
32323673,0.979556,1
31681448,0.058879,0
37967322,0.971619,1
39031957,0.03258,0
33047815,0.031102,0
34035988,0.979886,1
36430247,0.977496,1
33520423,0.031275,0
30380387,0.033019,0
31407544,0.977219,1
32413890,0.035322,0
31557359,0.979514,1
30704676,0.794622,1
33244962,0.980588,1
36364051,0.033273,0
34332620,0.97484,1
33384865,0.031385,0
33331210,0.030909,0
31700228,0.032041,0
33467921,0.933674,1
37922762,0.976391,1
35894781,0.030467,0
38639255,0.030405,0
39351225,0.031131,0
30863011,0.030407,0
35521972,0.032223,0
33335989,0.030424,0
31877689,0.979925,1
37935070,0.030195,0
34257979,0.981374,1
39174420,0.028479,0
37168029,0.031557,0
32684125,0.029843,0
33593978,0.978456,1
36754468,0.030172,0
37143047,0.038729,0
33056779,0.030241,0
39208819,0.979053,1
35171466,0.029557,0
31845841,0.030774,0
38563408,0.031119,0
36984169,0.036115,0
33596040,0.972083,1
33378526,0.031113,0
32592495,0.033105,0
37764702,0.03159,0
34652393,0.030385,0
34144320,0.90669,1
36052602,0.03033,0
35607955,0.029708,0
39342022,0.033156,0
37315186,0.031045,0
33936093,0.030162,0
34686682,0.029801,0
37044361,0.029834,0
32824762,0.031603,0
31189763,0.03322,0
30128855,0.033259,0
33355882,0.03144,0
36762146,0.032103,0
32947480,0.030397,0
37536078,0.033132,0
39520829,0.030375,0
35223685,0.032859,0
35341845,0.978866,1
32869286,0.030066,0
30763192,0.029259,0
37917720,0.032626,0
32432513,0.032122,0
34568439,0.033567,0
32239624,0.030389,0
33584570,0.030268,0
39958115,0.031509,0
34742878,0.032572,0
39621070,0.031533,0
32995183,0.031723,0
32603753,0.031336,0
33456130,0.03038,0
32816731,0.030049,0
37167567,0.030094,0
36003753,0.030254,0
36155959,0.970858,1
33705553,0.972161,1
38319049,0.030212,0
37707823,0.029662,0
35715659,0.031003,0
37302887,0.030075,0
31431499,0.03105,0
34461495,0.049875,0
38222687,0.030351,0
35589858,0.032294,0
39722359,0.798693,1
30000213,0.029422,0
31844713,0.031004,0
39735485,0.029125,0
30539038,0.03211,0
39613569,0.031304,0
30340472,0.035031,0
38491018,0.965697,1
33563887,0.034014,0
36303340,0.029996,0
39022390,0.028858,0
36353597,0.976888,1
35567209,0.195968,0
30444358,0.030988,0
35529207,0.030036,0
36295548,0.032706,0
38559186,0.031721,0
36058310,0.031305,0
37799492,0.978675,1
39269122,0.030128,0
33402588,0.508901,1
30117582,0.974805,1
32884242,0.030409,0
31466277,0.977929,1
38376893,0.030484,0
34077199,0.710397,1
34564781,0.907198,1
36427208,0.031787,0
36354694,0.029885,0
39699336,0.029872,0
39576461,0.03035,0
31471562,0.029463,0
37806496,0.032304,0
38432182,0.030153,0
36796014,0.981432,1
34408401,0.034855,0
30589359,0.034017,0
34497823,0.043437,0
35668515,0.030739,0
38687562,0.030404,0
38698759,0.976152,1
37727581,0.030958,0
34695201,0.030134,0
30803206,0.05608,0
37491753,0.032211,0
33132370,0.029302,0
34635305,0.031213,0
38383343,0.031825,0
39032330,0.031817,0
36470222,0.982012,1
35406666,0.031294,0
33867656,0.977643,1
35651412,0.973046,1
39907667,0.029869,0
34866058,0.034519,0
33790762,0.037616,0
39519240,0.030025,0
36466970,0.030113,0
32214670,0.03049,0
37249539,0.029535,0
39573152,0.029795,0
33183633,0.979826,1
30252361,0.031407,0
39080427,0.030445,0
31047765,0.033286,0
32173631,0.031697,0
37728503,0.981493,1
38871008,0.976853,1
31653741,0.030103,0
31989064,0.979841,1
35451108,0.030467,0
36510087,0.98107,1
38136686,0.980043,1
30306841,0.030119,0
37078625,0.030995,0
36706080,0.974983,1
36333109,0.030143,0
32812859,0.082214,0
39362482,0.964506,1
39081803,0.030793,0
36598461,0.032849,0
31052823,0.978793,1
34821785,0.031191,0
39346772,0.978979,1
35477442,0.031352,0
37423201,0.030156,0
32279564,0.042112,0
35113785,0.031299,0
35001634,0.031673,0
30091113,0.033037,0
33500168,0.974175,1
34200986,0.054456,0
33901263,0.029914,0
38099719,0.031338,0
34501959,0.030913,0
31503862,0.420111,0
39026966,0.031625,0
38252897,0.030567,0
33799626,0.033808,0
33897823,0.030797,0
31198749,0.979886,1
31191522,0.031279,0
39713922,0.981143,1
35846702,0.029685,0
34455420,0.029496,0
31517398,0.031275,0
31900441,0.030486,0
34746153,0.980575,1
33763325,0.958665,1
34332361,0.030648,0
35544258,0.03184,0
30275130,0.029406,0
34997348,0.030144,0
36726125,0.0299,0
39222426,0.980414,1
36958497,0.977988,1
31418769,0.030154,0
35348908,0.029811,0
39738795,0.032521,0
32095129,0.550624,1
30007565,0.973724,1
34141755,0.030403,0
34161977,0.089426,0
31152868,0.030451,0
33758202,0.034355,0
35972126,0.030151,0
38356052,0.030148,0
37531469,0.180457,0
37827412,0.030246,0
30562113,0.481783,0
31110751,0.029722,0
33163834,0.847825,1
38990239,0.975043,1
32037077,0.031137,0
35676485,0.02969,0
36878494,0.031164,0
36623881,0.032004,0
30688321,0.978275,1
31276881,0.03377,0
30792309,0.030449,0
39105133,0.030651,0
34798760,0.978929,1
37630924,0.975261,1
38304161,0.031664,0
38623326,0.039588,0
32303877,0.976898,1
38494233,0.030303,0
36909223,0.047994,0
36238664,0.048462,0
37892970,0.032014,0
37094208,0.030584,0
32043259,0.978161,1
37934571,0.031828,0
33183026,0.031288,0
37101251,0.976838,1
34016696,0.032639,0
36249728,0.976755,1
30770782,0.04026,0
33636940,0.031122,0
38322114,0.032863,0
32834787,0.973837,1
30979707,0.031049,0
30030798,0.032305,0
34613400,0.030151,0
35967314,0.031147,0
32928708,0.974554,1
37337232,0.031419,0
34999847,0.029666,0
31777908,0.534188,1
33606556,0.030777,0
34430558,0.029555,0
35893474,0.030979,0
39784690,0.031963,0
33200399,0.980035,1
30573858,0.029833,0
37476021,0.030898,0
34637766,0.917382,1
35757748,0.951503,1
31699045,0.038201,0
35559165,0.036027,0
33211844,0.031277,0
39319834,0.03036,0
36423747,0.029492,0
38341580,0.036673,0
37994285,0.031222,0
31813120,0.030216,0
30200246,0.031547,0
33869971,0.973607,1
33726149,0.032207,0
33178915,0.289025,0
33021222,0.030481,0
35352772,0.030395,0
35362593,0.970921,1
35537617,0.034464,0
38280915,0.978788,1
34525600,0.031045,0
30628372,0.034877,0
30043145,0.981842,1
32940024,0.031646,0
36016977,0.763805,1
36998354,0.031091,0
31605362,0.029535,0
33758027,0.034099,0
36301931,0.72439,1
32840243,0.033998,0
35126800,0.032403,0
30135687,0.029715,0
32120703,0.046695,0
39647056,0.032122,0
36455143,0.028969,0
38277423,0.033948,0
37564059,0.037532,0
33629403,0.049795,0
36129003,0.041524,0
35023216,0.032354,0
33174695,0.029473,0
31226743,0.034343,0
32979140,0.029479,0
34677433,0.029393,0
37172084,0.078796,0
34494620,0.033614,0
39733507,0.977554,1
30526491,0.033873,0
32635964,0.033558,0
35528184,0.032735,0
31879755,0.030622,0
33494608,0.973871,1
30745593,0.039099,0
33326979,0.030513,0
35826438,0.034128,0
38181974,0.967657,1
36958494,0.975132,1
37324611,0.976598,1
39111780,0.031236,0
38928375,0.972872,1
33246535,0.029231,0
33915658,0.02594,0
30807243,0.032995,0
37233855,0.031936,0
34959970,0.03233,0
31130356,0.031814,0
38843037,0.975934,1
33121909,0.030302,0
33415988,0.032679,0
36207293,0.030607,0
37788181,0.030873,0
34611338,0.032553,0
30586246,0.030506,0
39684354,0.033378,0
32454627,0.027073,0
34335219,0.033429,0
36341872,0.035599,0
37535507,0.033854,0
32520589,0.033534,0
38946119,0.03237,0
30019367,0.033266,0
38386354,0.031012,0
30798940,0.044067,0
38700117,0.037243,0
39214881,0.03181,0
33190124,0.978436,1
32054351,0.976323,1
34997867,0.035251,0
36318037,0.976675,1
32521724,0.981259,1
36484620,0.031671,0
31377840,0.030828,0
39016298,0.851827,1
30599577,0.029871,0
31303161,0.03067,0
31020954,0.031082,0
35262762,0.030006,0
33258556,0.03024,0
38686311,0.02952,0
36574609,0.03046,0
35431459,0.030503,0
33273368,0.030628,0
31123892,0.03088,0
33065950,0.031309,0
35601328,0.03128,0
37468126,0.895515,1
37345326,0.030993,0
39996123,0.031271,0
33799121,0.042666,0
31850910,0.031072,0
32358016,0.029698,0
32052866,0.977461,1
35377129,0.653401,1
35426072,0.029744,0
35570285,0.029415,0
32544970,0.033046,0
37155335,0.030734,0
33640350,0.039789,0
30253983,0.033378,0
35008075,0.981131,1
32376604,0.033093,0
39290183,0.03059,0
31528797,0.030977,0
32139381,0.97844,1
30987723,0.033233,0
30236513,0.030811,0
34028895,0.030445,0
35063248,0.046203,0
30045078,0.97936,1
38049497,0.942691,1
30886478,0.029261,0
37194830,0.033803,0
37216041,0.029104,0
36332674,0.03364,0
39007601,0.031218,0
39965733,0.03083,0
31263028,0.029968,0
33493342,0.033235,0
30234310,0.97914,1
33155469,0.030263,0
33633182,0.034624,0
36328300,0.976924,1
33808590,0.031437,0
30993471,0.974222,1
38066509,0.980991,1
32666850,0.030105,0
37074310,0.969465,1
32608180,0.977363,1
31723762,0.029818,0
39445422,0.029211,0
36724517,0.030653,0
39255380,0.029403,0
30438533,0.03392,0
36807642,0.02948,0
31324292,0.030129,0
35097237,0.030622,0
32866638,0.032027,0
38256954,0.029768,0
33352159,0.033474,0
34850027,0.02971,0
30449688,0.032644,0
39558340,0.031205,0
37354230,0.976247,1
31240750,0.029613,0
38020580,0.552112,1
30373971,0.943769,1
30407693,0.033157,0
39194565,0.030488,0
33527558,0.03252,0
33819209,0.981099,1
39424815,0.030223,0
33267338,0.31953,0
37176968,0.980129,1
34204725,0.031302,0
39633643,0.030671,0
38967731,0.979029,1
38959796,0.030968,0
30262951,0.034259,0
36424776,0.029835,0
38039429,0.029359,0
38202003,0.03119,0
36378878,0.02918,0
35359444,0.953593,1
32612957,0.031564,0
39540522,0.03142,0
32267939,0.033729,0
34146857,0.029648,0
36943668,0.031005,0
33459320,0.031609,0
36438544,0.030896,0
35662074,0.029334,0
33297641,0.058694,0
39801642,0.032756,0
36112111,0.031469,0
31592321,0.031095,0
38753669,0.030021,0
30502323,0.030763,0
36755344,0.033341,0
36650769,0.030775,0
33462924,0.236958,0
30935196,0.031333,0
33285035,0.039053,0
38660005,0.031787,0
39156401,0.074267,0
35202664,0.029553,0
30461721,0.031073,0
34248179,0.030082,0
35121579,0.978855,1
32342531,0.032139,0
35222042,0.03134,0
32043769,0.031557,0
36014624,0.034092,0
35990576,0.032677,0
30473503,0.981073,1
36681742,0.036812,0
35883202,0.032975,0
38964486,0.030784,0
38380460,0.031148,0
34364539,0.981563,1
34189911,0.03984,0
39539737,0.975837,1
38711378,0.97908,1
31649316,0.033259,0
31962512,0.981479,1
39467073,0.97041,1
34072261,0.03108,0
37234121,0.641071,1
38056753,0.030503,0
37009140,0.031119,0
37338018,0.028726,0
33163049,0.030866,0
38345144,0.02984,0
30716486,0.03133,0
38285505,0.975241,1
37285461,0.029351,0
38691951,0.979404,1
33147066,0.031557,0
38303038,0.335987,0
32533908,0.966619,1
39653391,0.97547,1
31045843,0.970572,1
30704937,0.029954,0
32207451,0.977181,1
36066057,0.976001,1
33005299,0.0387,0
34810297,0.030979,0
30920862,0.032301,0
33765335,0.038602,0
32902460,0.548894,1
33302177,0.029269,0
31978999,0.030017,0
34181433,0.977164,1
30591063,0.976176,1
34700005,0.958545,1
30431739,0.978539,1
37137181,0.031226,0
34499337,0.978011,1
38498292,0.032005,0
30008792,0.029311,0
38729671,0.030676,0
37124281,0.062952,0
33727394,0.030604,0
37991215,0.981124,1
30084193,0.046978,0
32003074,0.030459,0
33988654,0.030019,0
32491922,0.034035,0
36429880,0.032029,0
39126797,0.032601,0
38707847,0.029821,0
32731867,0.030435,0
30282193,0.029639,0
30798531,0.937065,1
38571233,0.034696,0
34034460,0.40681,0
39803573,0.041395,0
33190002,0.029733,0
36460352,0.030934,0
34877105,0.031075,0
38688276,0.981832,1
34794768,0.03219,0
37647845,0.030463,0
37638604,0.031112,0
32131713,0.981408,1
38756110,0.036619,0
33179426,0.030775,0
34913816,0.980431,1
35025499,0.923243,1
33999039,0.035955,0
33867491,0.030863,0
34761187,0.030085,0
32450685,0.9767,1
39573012,0.030655,0
35746627,0.029082,0
32305253,0.033049,0
37093810,0.029873,0
38535052,0.035364,0
32215481,0.030359,0
37936337,0.980782,1
33513039,0.029828,0
33003619,0.03093,0
33572728,0.029293,0
36787881,0.031207,0
30854179,0.033096,0
36567067,0.9776,1
32160893,0.029841,0
38120179,0.030626,0
38243727,0.030143,0
32974716,0.966639,1
33468256,0.030754,0
34269559,0.939846,1
39512351,0.979744,1
33646538,0.981214,1
33693671,0.035205,0
34711898,0.037086,0
36176810,0.033065,0
37407823,0.03038,0
37095609,0.030149,0
36275744,0.030031,0
38939399,0.612224,1
37900180,0.031063,0
36235443,0.030154,0
34909109,0.03213,0
30697808,0.978674,1
36416708,0.031026,0
39451937,0.029803,0
38310497,0.035548,0
39646457,0.076794,0
38773186,0.030544,0
36304486,0.976703,1
36092501,0.035242,0
38302667,0.033318,0
32248421,0.979595,1
34158968,0.945968,1
33809120,0.032284,0
38757258,0.030992,0
37901594,0.976953,1
36897123,0.03158,0
35885717,0.029987,0
38361278,0.032434,0
36611218,0.029661,0
39055031,0.978244,1
35782302,0.031903,0
33568135,0.030425,0
31549642,0.034171,0
33173136,0.03224,0
35096787,0.979895,1
32726628,0.030401,0
39596239,0.030265,0
38070327,0.974194,1
30598744,0.030066,0
31728404,0.977588,1
37119050,0.030531,0
30388942,0.03176,0
37270651,0.029971,0
31822561,0.032367,0
33735626,0.0335,0
38931116,0.982416,1
30085194,0.054747,0
37612773,0.979383,1
39074292,0.029537,0
36499196,0.981372,1
32637171,0.03486,0
38419757,0.030807,0
35288503,0.05247,0
31712173,0.03079,0
33496284,0.975031,1
32021055,0.043975,0
34182135,0.03138,0
36841767,0.035034,0
39951817,0.034542,0
33337588,0.030093,0
38630394,0.029139,0
32583335,0.031162,0
38790108,0.031111,0
39904606,0.030915,0
36173365,0.961015,1
35212236,0.030651,0
33515383,0.030333,0
32196175,0.030988,0
38532085,0.036686,0
39701040,0.031626,0
35794697,0.034843,0
35173424,0.037279,0
33995484,0.031242,0
34833421,0.034458,0
33144156,0.03093,0
35861066,0.032264,0
30015770,0.037669,0
34914761,0.034147,0
33275263,0.039037,0
35890998,0.032147,0
33567039,0.029985,0
34694362,0.07484,0
36137786,0.029798,0
31313221,0.060552,0
33280595,0.031424,0
30825276,0.031357,0
36913772,0.040395,0
32727766,0.030658,0
34886849,0.03067,0
32371342,0.851886,1
39007878,0.033372,0
33424615,0.037058,0
38001373,0.053296,0
38465127,0.032489,0
31186782,0.980707,1
36011246,0.981479,1
33824501,0.029466,0
37642962,0.033494,0
32583493,0.036601,0
32345292,0.032305,0
33191620,0.032401,0
32499539,0.981239,1
38565219,0.030548,0
32440203,0.032917,0
39164071,0.037911,0
31765134,0.030123,0
37304866,0.030158,0
30612444,0.981186,1
37670155,0.029734,0
39193725,0.030611,0
37182904,0.972421,1
38569978,0.029383,0
31976189,0.029181,0
33000736,0.030386,0
31080003,0.977304,1
37816133,0.03969,0
38516282,0.498935,0
32446193,0.031636,0
31858273,0.030293,0
30746685,0.030549,0
30207346,0.030899,0
35286592,0.034562,0
30616217,0.030299,0
33870965,0.965765,1
38161912,0.029727,0
34947031,0.590885,1
38121074,0.030812,0
32820703,0.030375,0
39210249,0.97306,1
36066456,0.03557,0
31375184,0.979286,1
39295220,0.03025,0
37844017,0.030798,0
37575576,0.031548,0
36582939,0.98087,1
30342371,0.032767,0
39860038,0.031847,0
30444007,0.034842,0
32368927,0.031693,0
33548539,0.030795,0
30223617,0.033219,0
32969947,0.032446,0
36836007,0.030427,0
38288704,0.030276,0
33572547,0.030948,0
31495445,0.981567,1
33729451,0.031841,0
31665809,0.029676,0
36732469,0.030141,0
37507582,0.104385,0
31042481,0.032203,0
30616519,0.029983,0
39207929,0.029651,0
36406612,0.975723,1
38984482,0.030774,0
31145789,0.031257,0
34140723,0.977533,1
37737104,0.974896,1
32065781,0.03104,0
35243182,0.031649,0
36427675,0.029064,0
36227278,0.978972,1
31959633,0.039281,0
32673164,0.030478,0
38536639,0.030963,0
37457003,0.03206,0
39984980,0.035695,0
30009597,0.029103,0
36544680,0.033464,0
39829437,0.030947,0
39895979,0.032825,0
31442088,0.031959,0
39969445,0.030731,0
35655655,0.030418,0
30203618,0.031558,0
34483718,0.030609,0
38781024,0.035672,0
38911695,0.042956,0
31067792,0.032196,0
35131519,0.03061,0
34975818,0.074384,0
35728280,0.031654,0
37172650,0.030812,0
34810770,0.031829,0
30919467,0.032854,0
34776193,0.029354,0
36764379,0.030937,0
37507300,0.031021,0
37995469,0.030872,0
39936813,0.031265,0
38350657,0.03191,0
36196627,0.031354,0
36706168,0.031114,0
33718357,0.029857,0
33806215,0.033694,0
35508646,0.042318,0
31316787,0.03017,0
35744423,0.034645,0
31663641,0.031534,0
30860093,0.432331,0
39538531,0.035322,0
34168695,0.976942,1
38172121,0.038956,0
34929670,0.031327,0
35207851,0.977997,1
35362588,0.02976,0
35970013,0.974418,1
34162544,0.0358,0
35325987,0.031083,0
32597621,0.03025,0
31902786,0.721904,1
30748856,0.119209,0
32021542,0.9709,1
30339408,0.031385,0
39760153,0.031631,0
36315243,0.031211,0
36957508,0.029937,0
38490155,0.035225,0
32839122,0.030667,0
31575490,0.061547,0
33133066,0.036524,0
38676679,0.967305,1
38461395,0.03117,0
39231439,0.035365,0
36255952,0.030613,0
39473476,0.034173,0
35358441,0.98002,1
32806901,0.979395,1
32902552,0.975984,1
30626996,0.031029,0
30770645,0.037055,0
37011708,0.030655,0
37031444,0.030053,0
39363805,0.049305,0
37568338,0.037793,0
38326579,0.033568,0
31272962,0.032518,0
38943946,0.031574,0
35661005,0.980173,1
34653390,0.030491,0
34979960,0.031288,0
34840365,0.030877,0
38005196,0.031337,0
34234752,0.034826,0
30221617,0.030169,0
30707551,0.041892,0
30499496,0.051111,0
39412279,0.031222,0
38137204,0.980278,1
39980699,0.030178,0
34814896,0.029721,0
36202037,0.101212,0
37546894,0.029715,0
36099701,0.030911,0
34767788,0.03083,0
39306091,0.030085,0
36135694,0.980532,1
36344300,0.031965,0
31120276,0.980902,1
34840508,0.030134,0
30709267,0.030757,0
37028411,0.030321,0
39681670,0.980692,1
32154611,0.03079,0
35000735,0.033436,0
31433628,0.03281,0
39269058,0.977895,1
30711021,0.031489,0
33286407,0.036331,0
31302218,0.032251,0
37065188,0.037813,0
35489970,0.029869,0
35598893,0.031863,0
30718180,0.045108,0
31767217,0.032699,0
37524333,0.976187,1
31544725,0.979143,1
36491661,0.031418,0
36651597,0.032403,0
34023302,0.03036,0
39915700,0.030357,0
33825848,0.081805,0
39466514,0.031147,0
35113181,0.030206,0
30201360,0.032761,0
33193945,0.03173,0
34884622,0.742506,1
31036877,0.030386,0
30315583,0.979416,1
36631982,0.03075,0
31135963,0.032223,0
31626266,0.032916,0
35384169,0.03036,0
30323801,0.03143,0
36647887,0.97583,1
32823517,0.03259,0
39175858,0.98052,1
32736550,0.029999,0
30801406,0.981263,1
30218515,0.031032,0
32760929,0.029748,0
36335999,0.03519,0
36178670,0.03196,0
32643307,0.031361,0
37721290,0.979388,1
36146888,0.02993,0
37772307,0.029987,0
33685560,0.030184,0
34871545,0.032182,0
31739773,0.031949,0
33655391,0.149518,0
39064261,0.440178,0
36731640,0.030887,0
30782638,0.029774,0
31555340,0.033045,0
34072490,0.97575,1
30886034,0.031552,0
39612812,0.030766,0
31314377,0.035808,0
36243537,0.030953,0
36359710,0.03749,0
34885093,0.977923,1
31822307,0.522019,1
36154799,0.030991,0
31271997,0.975412,1
37922051,0.030208,0
31688474,0.030158,0
30404909,0.032898,0
36695853,0.031876,0
34528818,0.031634,0
31577917,0.0308,0
35669719,0.983858,1
32387982,0.038836,0
37554127,0.980176,1
37531207,0.607522,1
34731610,0.980889,1
37179437,0.028865,0
37511938,0.029879,0
38080125,0.032114,0
36379216,0.030701,0
39831679,0.918471,1
33035977,0.032075,0
33358048,0.048015,0
39986052,0.030491,0
32386822,0.031634,0
37474817,0.030458,0
32814893,0.030711,0
37829030,0.029714,0
35047551,0.030361,0
36897294,0.979822,1
37655271,0.037603,0
32323140,0.03278,0
35126097,0.02967,0
37287859,0.032409,0
37163119,0.974312,1
31869260,0.977945,1
31559071,0.981071,1
31541089,0.221923,0
34407278,0.030384,0
37620076,0.976249,1
31829480,0.029925,0
34439038,0.030562,0
31742408,0.042697,0
38691040,0.038855,0
34031881,0.032531,0
39507982,0.031106,0
39231093,0.029934,0
37477658,0.029401,0
35028977,0.771579,1
36851053,0.030253,0
30748277,0.960899,1
38792033,0.030408,0
30708810,0.03025,0
30377071,0.049072,0
37343868,0.031996,0
34494563,0.029839,0
39375730,0.032622,0
37731524,0.031304,0
34554636,0.976311,1
32176417,0.032921,0
34294474,0.030937,0
39857479,0.029742,0
31659468,0.030456,0
32954169,0.032791,0
39333007,0.980048,1
36539073,0.029666,0
35539845,0.032916,0
31374882,0.029722,0
34806651,0.031393,0
32298685,0.977882,1
34223924,0.974503,1
34421891,0.030849,0
39959793,0.980833,1
31336869,0.031093,0
34722616,0.978992,1
36789853,0.941996,1
31413522,0.03311,0
39564679,0.030077,0
32829981,0.030548,0
33914319,0.973745,1
34360324,0.974855,1
30418440,0.027245,0
30643097,0.976944,1
38553924,0.033094,0
32405838,0.032206,0
38347764,0.030631,0
35067195,0.030288,0
39729224,0.0295,0
37886887,0.030217,0
38848943,0.978528,1
32439842,0.030597,0
37440781,0.031651,0
39896747,0.030853,0
30603342,0.030595,0
39196472,0.030144,0
38660798,0.032572,0
34077913,0.970825,1
31847457,0.030431,0
34427218,0.538282,1
31930058,0.04434,0
31162089,0.063727,0
30549897,0.036154,0
32980355,0.030806,0
30500635,0.031896,0
32528130,0.091236,0
39876736,0.976134,1
30990343,0.0331,0
34334319,0.032276,0
36538885,0.029821,0
39244010,0.031423,0
37318329,0.959633,1
32298499,0.030978,0
32120110,0.046156,0
36420851,0.032302,0
33296244,0.029782,0
35233543,0.03591,0
32492563,0.978424,1
39816989,0.035631,0
34254069,0.029369,0
39729430,0.031147,0
36890686,0.052428,0
37778660,0.030268,0
35850934,0.032254,0
32215335,0.975766,1
31152504,0.979432,1
38405377,0.036858,0
35511603,0.030905,0
31075537,0.539114,1
31250117,0.706166,1
34350507,0.030381,0
33971917,0.031165,0
37899854,0.03074,0
34517402,0.032314,0
39513208,0.802624,1
36030807,0.032771,0
30949248,0.036726,0
34598492,0.976515,1
32256558,0.972201,1
35090797,0.033761,0
36986750,0.031261,0
30392126,0.979654,1
39598794,0.031059,0
34107481,0.043827,0
31818247,0.030386,0
39715855,0.982097,1
38099047,0.030057,0
33341362,0.032356,0
36823127,0.973849,1
31350831,0.03052,0
35501099,0.980191,1
31201544,0.030055,0
34666079,0.031229,0
31746082,0.032077,0
39952162,0.032509,0
33071977,0.982235,1
31590722,0.03086,0
34680971,0.976579,1
37312842,0.978704,1
37460812,0.03343,0
33209671,0.032453,0
30052727,0.030983,0
34395981,0.031153,0
37959296,0.035971,0
39073351,0.038426,0
34895248,0.032615,0
35754820,0.979274,1
32621287,0.03355,0
38719511,0.030923,0
32470296,0.030872,0
35943443,0.03105,0
39887163,0.029388,0
35702347,0.031101,0
38934741,0.493485,0
31929728,0.034115,0
30671425,0.980272,1
35192641,0.030906,0
34504441,0.977533,1
34540953,0.032007,0
39014377,0.585945,1
32464457,0.035554,0
38215144,0.032515,0
35641868,0.030881,0
36086953,0.031502,0
38057630,0.030038,0
35569714,0.036949,0
36931305,0.977369,1
35016921,0.032575,0
35719604,0.968679,1
30875359,0.030919,0
39730314,0.032366,0
30507553,0.030408,0
34932613,0.03141,0
34377867,0.03132,0
34342355,0.02905,0
33754967,0.031309,0
33013004,0.977985,1
38158761,0.979789,1
37975829,0.03049,0
32421698,0.98235,1
36000427,0.033752,0
35818234,0.031189,0
38582869,0.978857,1
38174875,0.031783,0
34877713,0.030506,0
31263335,0.031977,0
33011166,0.030769,0
36208960,0.031115,0
31809963,0.979663,1
37380953,0.034588,0
34082277,0.073509,0
36264638,0.031916,0
39730220,0.030063,0
39486260,0.030475,0
35246697,0.033531,0
33354192,0.978506,1
35751689,0.037875,0
39077092,0.030349,0
30608891,0.030574,0
34878322,0.032281,0
36086196,0.03262,0
35701212,0.034813,0
33843168,0.98025,1
33442083,0.031995,0
30773739,0.974612,1
32795297,0.034536,0
30560289,0.028737,0
35764121,0.029803,0
34559352,0.030611,0
31188550,0.033471,0
37919158,0.029321,0
37240581,0.031723,0
30451318,0.974664,1
36864067,0.029359,0
32227111,0.975161,1
32404872,0.031647,0
39691919,0.031944,0
38608525,0.041608,0
35782193,0.974385,1
34946152,0.031807,0
34018052,0.037847,0
32911554,0.035534,0
30719592,0.980252,1
37659128,0.030286,0
30840094,0.031351,0
37038363,0.043888,0
35343378,0.032956,0
31749024,0.031695,0
39106097,0.03106,0
31763581,0.030939,0
33797968,0.032136,0
36563763,0.054396,0
39924731,0.031769,0
36106457,0.034199,0
35906548,0.977253,1
33657165,0.029918,0
30276434,0.029403,0
33931659,0.974606,1
31791805,0.029783,0
30016265,0.030963,0
35154260,0.030314,0
32226506,0.029155,0
33609955,0.031591,0
35037364,0.028177,0
39758572,0.0319,0
32675037,0.031352,0
39766062,0.029554,0
31348343,0.029887,0
34188540,0.972101,1
30588635,0.83568,1
31463954,0.030549,0
30206782,0.029519,0
37174673,0.031902,0
36120385,0.031115,0
37941327,0.030693,0
35739197,0.952925,1
30866021,0.032701,0
33638126,0.981131,1
37460977,0.936718,1
32933740,0.031457,0
35187759,0.981517,1
30855199,0.968715,1
31813363,0.035692,0
37497462,0.030185,0
34883402,0.031238,0
34236854,0.030561,0
37860403,0.032637,0
31714954,0.031197,0
31022069,0.030382,0
34366203,0.032739,0
30732775,0.03071,0
31616659,0.030207,0
34945139,0.971289,1
38023497,0.034457,0
32267135,0.970485,1
37766106,0.035603,0
33573083,0.031438,0
35601996,0.029414,0
31848122,0.979271,1
38300977,0.02956,0
34612835,0.030256,0
32259369,0.626579,1
39691788,0.97697,1
30453175,0.031231,0
38285086,0.0334,0
38750362,0.04453,0
38592992,0.978926,1
36363932,0.029873,0
34910399,0.033264,0
30145604,0.031218,0
32596877,0.031247,0
32592894,0.029703,0
39835133,0.980363,1
30175599,0.980087,1
31030314,0.973155,1
33306121,0.030789,0
37751731,0.981422,1
30397772,0.4831,0
34065702,0.031239,0
33631004,0.982781,1
36350059,0.031728,0
33129270,0.031642,0
33510194,0.066509,0
37931997,0.030479,0
34023322,0.031069,0
33430379,0.943968,1
30453649,0.031529,0
38988414,0.032675,0
30934574,0.092321,0
31303342,0.029865,0
36257106,0.948735,1
34165912,0.03007,0
30052798,0.97889,1
30982804,0.030223,0
31156233,0.02991,0
35225810,0.02891,0
35665841,0.97095,1
33905519,0.031174,0
31383849,0.980614,1
34961518,0.039059,0
37226575,0.03288,0
32339865,0.031379,0
35233751,0.031575,0
36246344,0.031605,0
38546783,0.02861,0
39918058,0.031008,0
38175679,0.031337,0
33164104,0.030017,0
31612238,0.980614,1
31036109,0.978594,1
35504174,0.031819,0
34610110,0.055069,0
36465592,0.028263,0
31671957,0.981256,1
34734214,0.03381,0
38999166,0.031479,0
34204633,0.03141,0
35050415,0.033898,0
38049933,0.035482,0
30641328,0.031719,0
31250714,0.03289,0
39593918,0.030274,0
30897528,0.98093,1
32769993,0.030397,0
34155120,0.029897,0
34014058,0.036117,0
37395251,0.034284,0
34663319,0.03165,0
33318296,0.03126,0
30547595,0.029312,0
37303113,0.03027,0
36571775,0.0315,0
39586196,0.031362,0
30904052,0.030829,0
33419475,0.031504,0
34874991,0.974116,1
38085457,0.030558,0
30200867,0.031548,0
35220236,0.031866,0
38830510,0.03115,0
34322447,0.028864,0
34765614,0.030914,0
39338226,0.754902,1
39171032,0.032117,0
35241187,0.035065,0
33165766,0.030417,0
31501438,0.029605,0
30455082,0.029831,0
35963925,0.979849,1
32014904,0.029994,0
33145778,0.030539,0
38561562,0.030998,0
39117210,0.032141,0
30696672,0.040796,0
37008108,0.030359,0
35323382,0.029685,0
35886838,0.033323,0
39694663,0.033952,0
35822716,0.031366,0
37414219,0.032012,0
31375057,0.03799,0
39431159,0.029944,0
33096681,0.980792,1
37184155,0.033609,0
37717879,0.035048,0
38330161,0.206425,0
30927264,0.03915,0
30010035,0.028581,0
35681722,0.03424,0
37902320,0.031249,0
31596132,0.030412,0
30738593,0.034793,0
31407329,0.030954,0
39169498,0.032129,0
30443229,0.980526,1
34682947,0.031917,0
30941081,0.029426,0
33153742,0.031143,0
34812718,0.030506,0
32354110,0.031229,0
37020088,0.926228,1
30031915,0.975376,1
38547266,0.030592,0
33097010,0.980866,1
38242798,0.030236,0
33542287,0.980186,1
37962756,0.030132,0
30957600,0.030291,0
39538928,0.958906,1
37955159,0.028738,0
37317907,0.031596,0
32391096,0.029914,0
35688562,0.031671,0
33444155,0.031453,0
36041000,0.030664,0
30739786,0.04163,0
30533063,0.030048,0
33710608,0.964593,1
38234891,0.98016,1
37662801,0.980973,1
31455322,0.032824,0
34519920,0.030939,0
